Name,Description,Latitude,Longitude,InfoURL,ImageURL
,,,,,
UCSB,A great university located along the California coast!,34.416929,-119.845991,"https://en.wikipedia.org/wiki/University_of_California,_Santa_Barbara",https://www.history.ucsb.edu/wp-content/uploads/LagoonFall2014-banner.jpg
,,,,,
Disneyland,One of the most unique amusement parks that provides endless entertainment and a magical experience for people of all ages. ,33.812092,-117.918975,https://www.wdwinfo.com/disneyland-california/,https://tse4.mm.bing.net/th/id/OIP.NLaLXUE1R7Qh9e1MIoe6fQHaEK?w=272&h=180&c=7&o=5&dpr=1.5&pid=1.7
,,,,,
Santa Monica Pier,A popular destination for food and fun in the heart of Santa Monica with breathtaking views of the Pacific Ocean.,34.009922,-118.496006,https://www.santamonica.com/things-to-do/visiting-santa-monica-pier/,https://tse4.mm.bing.net/th/id/OIP.U40msPMKC1LhVb5k61kuFQHaDY?w=307&h=159&c=7&o=5&dpr=1.5&pid=1.7
,,,,,
Griffith Observatory,A popular viewpoint in Los Angeles that overlooks the city.,34.118433,-118.300394,http://www.griffithobservatory.org/about/griffithobservatory.html,https://tse3.mm.bing.net/th/id/OIP.8Fv4jVfHuFSbaETH_yUfEwHaEK?w=283&h=180&c=7&o=5&dpr=1.5&pid=1.7
,,,,,
Oracle Park,Baseball stadium for the San Francisco Giants that attracts fans from all over.,37.778594,-122.389269,https://www.mlb.com/giants/ballpark/information,https://tse4.mm.bing.net/th/id/OIP.uQdD6V1EuSUVVvUBsOAScwHaDN?w=280&h=151&c=7&o=5&dpr=1.5&pid=1.7
,,,,,
Santa Barbara Zoo,Santa Barbara's local zoo that locals and tourists all enjoy spending a day at.,34.412933,-119.663911,https://www.sbzoo.org/home/,https://tse3.mm.bing.net/th/id/OIP.D-6rll_2TV-JIUe80gdHCQHaFj?w=203&h=180&c=7&o=5&dpr=1.5&pid=1.7
